-- Adminer 4.7.0 MySQL dump

SET NAMES utf8;
SET time_zone = '+00:00';
SET foreign_key_checks = 0;
SET sql_mode = 'NO_AUTO_VALUE_ON_ZERO';

SET NAMES utf8mb4;

DROP DATABASE IF EXISTS `dcw`;

CREATE DATABASE `dcw` /*!40100 DEFAULT CHARACTER SET utf8mb4 COLLATE utf8mb4_0900_ai_ci */;
USE `dcw`;

DROP TABLE IF EXISTS `hóspedes`;
CREATE TABLE `hóspedes` (
  `hid` int(11) NOT NULL AUTO_INCREMENT,
  `nome` varchar(30) NOT NULL,
  `data_nascimento` varchar(10) DEFAULT NULL,
  `email` varchar(100) NOT NULL,
  `nacionalidade` varchar(50) NOT NULL,
  `país` varchar(50) NOT NULL,
  `cidade` varchar(50) NOT NULL,
  `password` varchar(255) NOT NULL,
  `cartão_cidadão` varchar(15) DEFAULT NULL,
  `passaporte` varchar(15) DEFAULT NULL,
  `ativo` tinyint(1) DEFAULT NULL,
  `adicionado_a` datetime NOT NULL,
  PRIMARY KEY (`hid`),
  UNIQUE KEY `email` (`email`)
) ENGINE=InnoDB DEFAULT CHARSET=utf8mb4 COLLATE=utf8mb4_0900_ai_ci;

INSERT INTO `hóspedes` (`hid`, `nome`, `data_nascimento`, `email`, `nacionalidade`, `país`, `cidade`, `password`, `cartão_cidadão`, `passaporte`, `ativo`, `adicionado_a`) VALUES
(1,	'Bruno Moreira',	'17/03/1987',	'xpektpt@gmail.com',	'Portugal',	'Portugal',	'Porto',	'$2y$10$ZRPBJnsSmBqpkPTzt3Zfi.7pYudCtFdGDwu8LdHiecztHHRxI2e/a',	'227820417',	'',	1,	'2018-08-25 15:17:57'),
(2,	'Tabbatha Gleeson',	'07/26/1955',	'tgleeson1@sbwire.com',	'Czech Republic',	'Indonesia',	'Tupesy',	'BE1JaXU973L',	'336557787',	'430309483',	1,	'2018-08-22 10:18:08'),
(3,	'Ahmed Teligin',	'09/01/1925',	'ateligin2@ted.com',	'Malta',	'Nigeria',	'L-Iklin',	'5tupZjV',	'485251633',	'495634582',	1,	'2016-07-14 01:32:56'),
(4,	'Alberik King',	'03/18/1977',	'aking3@flickr.com',	'Indonesia',	'China',	'Mislak',	'P74mmz6uB',	'271705261',	'123126774',	1,	'2017-12-16 20:04:31'),
(5,	'Kessia Medlen',	'08/21/1987',	'kmedlen4@vistaprint.com',	'Russia',	'Indonesia',	'Zaplavnoye',	'F1DYMv',	'107342466',	'367898303',	0,	'2017-11-06 21:24:22'),
(6,	'Almeria Zini',	'09/06/1986',	'azini5@icio.us',	'Argentina',	'United Kingdom',	'Capilla del Monte',	'E2Lo28',	'241243067',	'010099302',	1,	'2018-01-13 01:28:25'),
(7,	'Binnie Hebblewhite',	'04/18/1966',	'bhebblewhite6@ycombinator.com',	'Brazil',	'Japan',	'Buritis',	'S6bKyaiuUku6',	'140488704',	'798814097',	0,	'2017-02-08 02:47:13'),
(8,	'Grange Bassam',	'03/25/1986',	'gbassam7@cafepress.com',	'Dominican Republic',	'Greece',	'Jaquimeyes',	'AtGnqBES7',	'377109597',	'127367987',	0,	'2017-02-03 00:29:41'),
(9,	'Martie Reace',	'01/09/1924',	'mreace8@dion.ne.jp',	'Philippines',	'Croatia',	'Lope de Vega',	'zdAPPYoA',	'286707627',	'838381080',	0,	'2017-02-13 04:58:03'),
(10,	'Curr Winder',	'02/25/1925',	'cwinder9@rakuten.co.jp',	'Mongolia',	'Russia',	'Ulaan-Ereg',	'xDor5bsXiTD',	'306652349',	'088498153',	0,	'2016-05-27 06:11:47'),
(11,	'Sheff Coursor',	'03/06/1981',	'scoursora@bing.com',	'Portugal',	'Brazil',	'Casa Nova',	'hmt1ZN',	'557678040',	'745691546',	1,	'2018-01-12 01:41:44'),
(12,	'Rebecka Pylkynyton',	'12/11/1948',	'rpylkynytonb@dailymotion.com',	'Argentina',	'Poland',	'Luján',	'H39qdxW0Ky',	'151133222',	'939296217',	1,	'2018-03-18 03:29:38'),
(13,	'Merline Stove',	'08/05/1933',	'mstovec@topsy.com',	'Sweden',	'Indonesia',	'Stockholm',	'63oRniwX7',	'363988234',	'238564341',	1,	'2018-07-11 05:55:51'),
(14,	'Herbert Gamlyn',	'11/09/1964',	'hgamlynd@desdev.cn',	'Azerbaijan',	'China',	'Mingelchaur',	'9EMBqzJhy',	'548912572',	'970218035',	1,	'2018-11-08 09:34:39'),
(15,	'Natty Setford',	'02/03/1937',	'nsetforde@intel.com',	'Brazil',	'Chile',	'Congonhas',	'1E8YdCepeN5',	'112581388',	'430764997',	0,	'2018-12-04 12:15:39'),
(16,	'Fernanda Royds',	'11/28/1960',	'froydsf@jalbum.net',	'China',	'China',	'Xindi',	'Q4pYBit1',	'186946516',	'807993479',	0,	'2016-02-15 13:49:22'),
(17,	'Mirna Novak',	'03/28/1988',	'mnovakg@ebay.com',	'Ukraine',	'Russia',	'Marshintsy',	'DlJfc56tLgQ',	'357571282',	'677311811',	0,	'2018-12-13 18:42:48'),
(18,	'Hubie Clemson',	'05/05/1942',	'hclemsonh@dmoz.org',	'Poland',	'France',	'Opoczno',	'ZAuK9s',	'353687506',	'460514556',	0,	'2016-07-22 07:21:04'),
(19,	'Crystal Beardsdale',	'04/01/1967',	'cbeardsdalei@so-net.ne.jp',	'Vietnam',	'China',	'Sa Pá',	'S84h9e0Pk3P',	'176547328',	'663151863',	0,	'2018-02-19 03:29:33'),
(20,	'Ilaire Verecker',	'06/16/1932',	'ivereckerj@stanford.edu',	'Indonesia',	'Russia',	'Sumpur Kudus',	'zYZE59rjObs',	'973489472',	'006802283',	0,	'2016-01-26 23:52:41'),
(21,	'Jorrie Speachley',	'03/26/1951',	'jspeachleyk@fda.gov',	'Mexico',	'Kyrgyzstan',	'La Libertad',	'vqspCeveEC',	'871154386',	'336207928',	1,	'2016-09-05 00:02:07'),
(22,	'Edmon Hogben',	'10/18/1967',	'ehogbenl@diigo.com',	'France',	'Portugal',	'Lille',	'YI6m1Vuc',	'286470262',	'908854455',	1,	'2016-12-07 21:44:48'),
(23,	'Gustavus Oldam',	'06/24/1977',	'goldamm@geocities.com',	'Ukraine',	'Indonesia',	'Khust',	'MeSOppoaaW',	'233031071',	'116855389',	1,	'2016-03-18 02:26:37'),
(24,	'Morten Kleszinski',	'07/21/1986',	'mkleszinskin@wikimedia.org',	'Philippines',	'Japan',	'Lais',	'6l76vod',	'745678719',	'305662338',	0,	'2018-05-18 15:37:21'),
(25,	'Gabbie Jakoub',	'01/26/1930',	'gjakoubo@bbb.org',	'China',	'Colombia',	'Changzhi',	'scctkC',	'296597044',	'490602211',	0,	'2018-05-05 08:45:50'),
(26,	'Blisse Mendus',	'05/11/1956',	'bmendusp@addtoany.com',	'China',	'Serbia',	'Qili',	'5lPIm3',	'617965994',	'389777276',	0,	'2016-06-22 09:24:27'),
(27,	'Ninette Guilbert',	'12/10/1942',	'nguilbertq@shinystat.com',	'Philippines',	'Canada',	'Peña',	'gUQHTGEvNS7',	'115540450',	'230363329',	0,	'2017-01-12 01:26:48'),
(28,	'Malva Forshaw',	'03/15/1938',	'mforshawr@zdnet.com',	'Tanzania',	'Philippines',	'Makungu',	'Pn66ftP1',	'544221179',	'075660882',	1,	'2017-11-01 18:56:42'),
(29,	'Ephraim Kindred',	'08/07/1983',	'ekindreds@virginia.edu',	'Poland',	'China',	'Wola Uhruska',	'JJUDanN8pGD',	'446660604',	'819620097',	1,	'2018-06-25 17:35:35'),
(30,	'Carolin Godspeede',	'01/26/1954',	'cgodspeedet@sbwire.com',	'South Africa',	'China',	'Vanderbijlpark',	'6vsaBaYS',	'768087167',	'790449101',	0,	'2016-01-23 23:01:21'),
(31,	'Beryl Ciobutaru',	'06/26/1964',	'bciobutaruu@hhs.gov',	'China',	'Indonesia',	'Caijiapu',	'hoS8VL0vcj',	'763154426',	'394049150',	0,	'2017-09-14 20:36:26'),
(32,	'Phaidra Lepoidevin',	'06/10/1950',	'plepoidevinv@cocolog-nifty.com',	'China',	'Ukraine',	'Beitan',	'mkGM6A',	'359132270',	'091664167',	0,	'2018-08-27 16:52:03'),
(33,	'Tarah Kubelka',	'08/16/1962',	'tkubelkaw@homestead.com',	'Philippines',	'Nepal',	'Rizal',	'Phu7b0DM8O',	'379078032',	'041853667',	1,	'2018-04-17 17:45:54'),
(34,	'Sanders Paskell',	'10/07/1925',	'spaskellx@mozilla.com',	'China',	'Serbia',	'Zhifang',	'jKOsBqeLE4j',	'967203455',	'648280476',	1,	'2018-08-01 09:34:48'),
(35,	'Martina McCathie',	'04/15/1932',	'mmccathiey@google.com.hk',	'Indonesia',	'Albania',	'Cilongkrang',	'TShCz2uGeP',	'073920809',	'219548444',	1,	'2016-05-13 09:16:00'),
(36,	'Gerta Croughan',	'10/28/1986',	'gcroughanz@about.com',	'Russia',	'Belarus',	'Ryazan’',	'dt5jZlQ',	'413376886',	'467741985',	0,	'2018-09-20 08:42:35'),
(37,	'Nikola Vinter',	'07/09/1938',	'nvinter10@fc2.com',	'China',	'Laos',	'Nankou',	'MxBDj3bdC',	'787372974',	'385675893',	1,	'2016-07-19 09:03:38'),
(38,	'Bastien Fullman',	'05/07/1980',	'bfullman11@alexa.com',	'Portugal',	'Russia',	'Seixal',	'tDDbPqhGZXD',	'118275142',	'839368802',	0,	'2018-05-26 13:35:09'),
(39,	'Jules Gouldeby',	'02/26/1973',	'jgouldeby12@tinyurl.com',	'Nigeria',	'Venezuela',	'Wasagu',	'CNm1hLL',	'154644440',	'233009371',	1,	'2018-06-04 09:29:54'),
(40,	'Tildi Lyne',	'11/15/1978',	'tlyne13@comcast.net',	'China',	'Philippines',	'Hongqi',	'o2r7k8FUZqr',	'020019268',	'799362355',	1,	'2017-04-10 18:44:51'),
(41,	'Thedrick Kenton',	'04/04/1967',	'tkenton14@bandcamp.com',	'Philippines',	'Indonesia',	'Santo Tomas',	'ZhNT3vBf4',	'853303773',	'752644242',	1,	'2017-09-24 03:49:34'),
(42,	'Fara Liverock',	'08/12/1990',	'fliverock15@gnu.org',	'Jamaica',	'China',	'Ulster Spring',	'J8XQXcyOyI',	'542562525',	'731526414',	0,	'2016-04-17 05:01:54'),
(43,	'Hermine Bradwell',	'12/04/1935',	'hbradwell16@ow.ly',	'China',	'China',	'Dasongshu',	'iAjPF2SbUR9',	'681382755',	'689657788',	1,	'2016-07-09 15:23:36'),
(44,	'Tierney Lissenden',	'08/22/1974',	'tlissenden17@deliciousdays.com',	'Indonesia',	'Japan',	'Perreng',	'62etb3r1cB',	'531816417',	'114449752',	1,	'2016-03-09 22:42:56'),
(45,	'Drucie Rival',	'12/19/1975',	'drival18@etsy.com',	'China',	'Japan',	'Tanggan',	'gHsfo6pm',	'529055847',	'186649791',	0,	'2018-11-15 12:44:31'),
(46,	'Xavier Grindlay',	'12/12/1981',	'xgrindlay19@multiply.com',	'Indonesia',	'Philippines',	'Armopa',	'EOw21hBa7s',	'911721802',	'804065704',	1,	'2016-07-05 18:23:02'),
(47,	'Josi Ovitts',	'10/03/1977',	'jovitts1a@blogspot.com',	'Indonesia',	'Nepal',	'Jombang',	'DzupL9SC',	'076675766',	'971855877',	0,	'2017-10-28 06:59:26'),
(48,	'Ira Daniau',	'10/24/1956',	'idaniau1b@ehow.com',	'Chile',	'China',	'Graneros',	'pVZvZgPkxQt',	'579277210',	'430791869',	1,	'2018-07-15 13:34:05'),
(49,	'Valera Nickolls',	'08/26/1970',	'vnickolls1c@alexa.com',	'Indonesia',	'France',	'Sorong',	'agX1l6uwmbZr',	'601745249',	'790055583',	1,	'2016-08-24 08:29:48'),
(50,	'Gordon Sleight',	'12/25/1961',	'gsleight1d@upenn.edu',	'Canada',	'Zambia',	'Plessisville',	'Rlw9OO27oe6k',	'184401902',	'337643014',	1,	'2017-06-28 17:19:25'),
(51,	'Zerk Breinl',	'10/20/1944',	'zbreinl1e@cbc.ca',	'Bangladesh',	'Burkina Faso',	'Dhaka',	'1jbM20',	'924994920',	'869043513',	0,	'2016-05-12 04:35:11'),
(52,	'Janith Benardeau',	'08/26/1981',	'jbenardeau1f@thetimes.co.uk',	'Indonesia',	'Mauritius',	'Krajan Satu',	'HNbEAh92JC',	'862922454',	'731171317',	1,	'2017-06-01 22:33:45'),
(53,	'Rae Harbour',	'10/31/1982',	'rharbour1g@auda.org.au',	'Portugal',	'Greece',	'Crasto',	'JWQRl3',	'927101803',	'451657462',	0,	'2016-06-08 08:07:04'),
(54,	'Elli Truscott',	'09/13/1933',	'etruscott1h@sun.com',	'Ireland',	'United States',	'Kinsale',	'1p86eNBw',	'141659884',	'924302204',	1,	'2017-10-23 13:33:38'),
(55,	'Ebba Balke',	'01/10/1985',	'ebalke1i@yahoo.com',	'Indonesia',	'Colombia',	'Susoh',	'ojBxnI7T9E',	'383220385',	'190404282',	0,	'2016-07-11 00:19:27'),
(56,	'Georgine Robroe',	'09/14/1948',	'grobroe1j@upenn.edu',	'Sweden',	'Morocco',	'Sundsvall',	'kTOZiv1d',	'266494769',	'365165384',	0,	'2016-10-17 05:32:33'),
(57,	'Talya Serotsky',	'11/17/1979',	'tserotsky1k@webmd.com',	'China',	'China',	'Xinhe',	'Wt26PMzuV8n',	'819678501',	'967445949',	0,	'2017-06-25 11:03:40'),
(58,	'Yettie Woolvett',	'09/25/1926',	'ywoolvett1l@spiegel.de',	'Belarus',	'Serbia',	'Khal’ch',	'Mm2Nm7WoU',	'335842632',	'821526410',	1,	'2016-11-16 13:00:22'),
(59,	'Tristan Dowsett',	'01/03/1934',	'tdowsett1m@gravatar.com',	'Indonesia',	'China',	'Karangtalun',	'BVVAztPbK5kZ',	'091063811',	'570523454',	0,	'2016-01-29 13:39:20'),
(60,	'Rowena Pinnegar',	'11/24/1975',	'rpinnegar1n@indiatimes.com',	'China',	'Argentina',	'Guantian',	'hmjwk83u',	'822095852',	'621186243',	0,	'2017-06-08 03:29:00'),
(61,	'Trista Reilinger',	'10/07/1939',	'treilinger1o@weebly.com',	'Ivory Coast',	'Bangladesh',	'Man',	'8pMZZZ6yQ',	'156682651',	'015744331',	1,	'2017-08-03 13:59:57'),
(62,	'Farleigh Burdoun',	'06/14/1976',	'fburdoun1p@va.gov',	'China',	'United States',	'Jishi',	'hHSzu2VRI5',	'964992068',	'701677036',	0,	'2018-11-14 02:03:55'),
(63,	'Adelina Lanchester',	'01/23/1971',	'alanchester1q@bandcamp.com',	'Indonesia',	'Indonesia',	'Cibingbin',	'c6mQBu',	'066253018',	'701545813',	1,	'2016-12-25 10:15:43'),
(64,	'Correna Lawlance',	'06/26/1921',	'clawlance1r@digg.com',	'Norway',	'South Africa',	'Tønsberg',	'wi5DWSXMXw',	'914213325',	'069664844',	0,	'2017-06-05 04:28:04'),
(65,	'Filmer Keer',	'09/11/1933',	'fkeer1s@purevolume.com',	'China',	'United States',	'Yunchi',	'mr86f4SuEi',	'283788327',	'449112017',	0,	'2016-03-16 21:20:41'),
(66,	'Kala O\'Neill',	'04/28/1975',	'koneill1t@netvibes.com',	'Indonesia',	'Indonesia',	'Cisalakdesa',	'1BeBk3Ud91k',	'471237733',	'529339869',	1,	'2016-11-22 11:04:48'),
(67,	'Shelia Ferrarone',	'09/12/1939',	'sferrarone1u@wordpress.com',	'China',	'Czech Republic',	'Jiangyi',	'LctOee4h4',	'970157282',	'479138195',	0,	'2018-05-26 19:51:57'),
(68,	'Evelyn Loomes',	'08/19/1981',	'eloomes1v@drupal.org',	'China',	'Bulgaria',	'Dejilin',	'QgneRij',	'063837551',	'512407994',	0,	'2018-12-06 01:12:25'),
(69,	'Thaddeus Stookes',	'01/09/1954',	'tstookes1w@ftc.gov',	'China',	'China',	'Dongkeng',	'wtn3TVuyVC6U',	'165976981',	'980182233',	1,	'2016-06-27 13:09:09'),
(70,	'Aluino Oakinfold',	'03/01/1954',	'aoakinfold1x@digg.com',	'China',	'Sweden',	'Xinjie',	'6PIqVNcO5w',	'459980760',	'536018004',	1,	'2017-11-04 09:07:18'),
(71,	'Dorie Hurdle',	'01/01/1932',	'dhurdle1y@cbc.ca',	'Mexico',	'Poland',	'Bellavista',	'JKrqVUY',	'794808398',	'143615346',	0,	'2016-02-11 03:29:50'),
(72,	'Waring Horning',	'09/14/1974',	'whorning1z@jiathis.com',	'Japan',	'Poland',	'Fujieda',	'is8qAP2LfZTL',	'486475208',	'489982867',	0,	'2017-08-25 20:31:11'),
(73,	'Joana Forre',	'10/17/1954',	'jforre20@nature.com',	'China',	'China',	'Longgang',	'SU24Wj',	'017030080',	'617296321',	1,	'2018-05-31 11:56:48'),
(74,	'Dorie Braham',	'08/06/1978',	'dbraham21@stumbleupon.com',	'Sweden',	'Thailand',	'Färgelanda',	'QuYuQxdrdQxn',	'865544019',	'172624705',	1,	'2016-06-25 14:18:10'),
(75,	'Ramsey Petranek',	'02/25/1952',	'rpetranek22@unicef.org',	'China',	'China',	'Hanjiaji',	'XKTDSsnLK5XN',	'037410460',	'543940740',	0,	'2016-07-11 02:31:55'),
(76,	'Hermann Starling',	'10/27/1948',	'hstarling23@rediff.com',	'Philippines',	'Portugal',	'Binguang',	'rmtloRo',	'917536894',	'083877378',	0,	'2017-03-24 18:37:59'),
(77,	'Osbert Morad',	'02/06/1986',	'omorad24@google.fr',	'Madagascar',	'Vietnam',	'Ambatolampy',	'KznwN02J',	'783346247',	'799651921',	0,	'2018-02-24 08:20:25'),
(78,	'Lezley Buttle',	'01/09/1928',	'lbuttle25@jimdo.com',	'Indonesia',	'Belarus',	'Bedadung Kulon',	'iCEcG2G',	'582606305',	'211682035',	1,	'2017-06-09 15:22:31'),
(79,	'Stevana Camell',	'05/03/1943',	'scamell26@cyberchimps.com',	'Indonesia',	'Azerbaijan',	'Bokong Timur',	'6ATnW6XRuT',	'630761002',	'915260288',	1,	'2016-08-25 01:23:12'),
(80,	'Amye Redemile',	'11/30/1949',	'aredemile27@eventbrite.com',	'Argentina',	'Norway',	'Inriville',	'bkbo5N5wQv',	'662253139',	'362305702',	1,	'2017-10-19 00:43:04'),
(81,	'Jarib Bernardot',	'03/01/1947',	'jbernardot28@meetup.com',	'Thailand',	'Equatorial Guinea',	'Nong Phok',	'OH295qHGr0',	'213309873',	'505991868',	0,	'2017-12-30 17:10:31'),
(82,	'Liv Tyreman',	'10/11/1946',	'ltyreman29@geocities.jp',	'Brazil',	'China',	'Campo Alegre',	'7kgdYt5eH8',	'299398934',	'364838308',	1,	'2018-11-19 03:11:00'),
(83,	'Jenna Blayney',	'08/22/1965',	'jblayney2a@bloglines.com',	'China',	'New Zealand',	'Tiantai Chengguanzhen',	'JSOZdyL87',	'067291682',	'955796501',	1,	'2016-06-24 12:38:48'),
(84,	'Sig Gartery',	'01/13/1925',	'sgartery2b@google.es',	'Nicaragua',	'Indonesia',	'Masachapa',	'oHWLNeXZV',	'784833772',	'788153285',	0,	'2017-01-01 16:44:33'),
(85,	'Che Smithson',	'06/24/1943',	'csmithson2c@salon.com',	'Czech Republic',	'Syria',	'Fryčovice',	'3pwv0eSY8d',	'953326721',	'859159088',	1,	'2017-02-25 02:42:14'),
(86,	'Cariotta Wasling',	'12/15/1967',	'cwasling2d@gnu.org',	'France',	'China',	'Paris 04',	'nLreOp',	'708741157',	'714426034',	0,	'2018-10-31 11:27:44'),
(87,	'Rollo McGettrick',	'04/21/1922',	'rmcgettrick2e@wisc.edu',	'Poland',	'Russia',	'Grabów nad Prosną',	'tyXACVGNDV7',	'330751802',	'274839236',	0,	'2016-11-17 16:26:56'),
(88,	'Helyn Tackell',	'12/09/1974',	'htackell2f@imgur.com',	'Cyprus',	'China',	'Yeri',	'0YNmia',	'513237788',	'576718836',	0,	'2016-01-22 00:51:19'),
(89,	'Preston Lisciandro',	'01/24/1985',	'plisciandro2g@wufoo.com',	'Belarus',	'Indonesia',	'Khatsyezhyna',	'Uuiub3Z',	'335234601',	'217028840',	0,	'2017-07-13 00:09:59'),
(90,	'Royall Shatford',	'09/24/1961',	'rshatford2h@mozilla.org',	'France',	'Syria',	'Lons-le-Saunier',	'gdb7EfrD5g',	'594885913',	'848376805',	0,	'2018-03-06 22:28:38'),
(91,	'Fernando McGrale',	'12/04/1962',	'fmcgrale2i@slideshare.net',	'Palestinian Territory',	'China',	'Rūjayb',	'orlyCC',	'112392790',	'056503707',	0,	'2016-11-29 18:27:27'),
(92,	'Amabelle Spain-Gower',	'06/04/1947',	'aspaingower2j@google.es',	'Russia',	'China',	'Ust-Maya',	'5j3DeUH8aG',	'411361555',	'338810696',	1,	'2018-03-20 13:00:45'),
(93,	'Nilson Tapsfield',	'07/24/1944',	'ntapsfield2k@psu.edu',	'Finland',	'Philippines',	'Siilinjärvi',	'cqe8jS1fCUFo',	'621884000',	'444424331',	0,	'2016-10-10 09:46:48'),
(94,	'Oliver Gonthard',	'03/14/1966',	'ogonthard2l@tmall.com',	'Philippines',	'Argentina',	'San Juan',	'xxqAwAp',	'209057646',	'024947144',	0,	'2017-10-25 14:11:57'),
(95,	'Fergus Jenney',	'09/18/1925',	'fjenney2m@hugedomains.com',	'Japan',	'Peru',	'Handa',	'IpQRYedSOt',	'475352262',	'347332082',	1,	'2016-06-15 08:32:21'),
(96,	'Teodora Wordsley',	'05/09/1973',	'twordsley2n@meetup.com',	'China',	'Guatemala',	'Jianchang',	'6IHDldO',	'123800094',	'302135795',	1,	'2018-11-17 06:57:17'),
(97,	'Kerk Cron',	'04/28/1987',	'kcron2o@illinois.edu',	'Liberia',	'Mexico',	'Gbarnga',	'u94pdWwCS',	'500910402',	'868211053',	1,	'2017-07-08 17:11:17'),
(98,	'Briney Birchwood',	'09/29/1954',	'bbirchwood2p@icio.us',	'Norway',	'Zimbabwe',	'Skien',	'pm9Nad6wJE',	'600847851',	'177918572',	1,	'2017-07-10 14:02:17'),
(99,	'Ameline Dudney',	'05/08/1966',	'adudney2q@pen.io',	'China',	'Israel',	'Shuangqiaoping',	'xQiIs4hq',	'804990186',	'217470715',	1,	'2017-10-08 11:54:52'),
(100,	'Rhodie Colgan',	'06/02/1974',	'rcolgan2r@myspace.com',	'Brazil',	'France',	'Limoeiro',	'SSwXhkk',	'258783741',	'804935982',	1,	'2017-01-13 03:33:48');

DROP TABLE IF EXISTS `hóspedes_reservas`;
CREATE TABLE `hóspedes_reservas` (
  `hrid` int(11) NOT NULL AUTO_INCREMENT,
  `adicionado_a` datetime NOT NULL,
  `hid` int(11) DEFAULT NULL,
  `rid` int(11) DEFAULT NULL,
  PRIMARY KEY (`hrid`),
  KEY `hid` (`hid`),
  KEY `rid` (`rid`),
  CONSTRAINT `hóspedes_reservas_ibfk_1` FOREIGN KEY (`hid`) REFERENCES `hóspedes` (`hid`) ON DELETE CASCADE,
  CONSTRAINT `hóspedes_reservas_ibfk_2` FOREIGN KEY (`rid`) REFERENCES `reservas` (`rid`) ON DELETE CASCADE
) ENGINE=InnoDB DEFAULT CHARSET=utf8mb4 COLLATE=utf8mb4_0900_ai_ci;

INSERT INTO `hóspedes_reservas` (`hrid`, `adicionado_a`, `hid`, `rid`) VALUES
(1,	'2018-01-22 19:04:17',	27,	24),
(2,	'2016-11-04 00:56:35',	56,	29),
(3,	'2016-02-09 10:31:00',	56,	26),
(4,	'2017-08-28 10:45:34',	59,	16),
(5,	'2017-06-30 22:33:58',	1,	27),
(6,	'2017-06-05 21:30:51',	1,	16),
(7,	'2018-01-21 01:05:20',	32,	16),
(8,	'2017-05-24 15:44:18',	78,	28),
(9,	'2017-09-24 19:16:38',	63,	11),
(10,	'2017-01-15 07:25:15',	67,	6),
(11,	'2016-05-22 10:50:34',	1,	5),
(12,	'2016-09-03 03:40:54',	47,	8),
(13,	'2018-11-07 23:07:22',	92,	9),
(14,	'2015-12-25 10:48:02',	28,	16),
(15,	'2018-10-15 01:48:05',	70,	20),
(16,	'2018-02-01 17:37:53',	48,	24),
(17,	'2017-12-01 05:46:41',	43,	16),
(18,	'2016-05-10 06:27:13',	88,	5),
(19,	'2018-02-01 23:44:26',	67,	10),
(20,	'2016-06-04 05:36:02',	89,	12),
(21,	'2017-11-01 17:01:07',	34,	3),
(22,	'2017-01-21 02:31:51',	60,	24),
(23,	'2016-06-24 16:56:24',	30,	20),
(24,	'2018-05-10 02:08:04',	73,	3),
(25,	'2016-02-04 00:02:23',	98,	5),
(26,	'2018-05-12 16:28:27',	84,	30),
(27,	'2018-09-12 18:52:29',	59,	27),
(28,	'2015-12-22 01:49:27',	19,	27),
(29,	'2017-05-05 16:33:30',	43,	11),
(30,	'2016-05-22 04:06:00',	40,	19),
(31,	'2016-07-28 16:36:19',	14,	11),
(32,	'2018-12-04 17:28:08',	63,	4),
(33,	'2015-12-27 14:53:55',	47,	26),
(34,	'2018-03-25 17:14:10',	97,	2),
(35,	'2016-10-13 00:58:40',	84,	20),
(36,	'2017-12-29 03:56:02',	53,	26),
(37,	'2015-12-20 08:26:53',	92,	25),
(38,	'2018-09-28 03:59:35',	79,	25),
(39,	'2017-11-25 04:56:06',	83,	18),
(40,	'2017-10-04 08:29:22',	100,	21),
(41,	'2016-08-28 08:50:46',	93,	3),
(42,	'2017-07-09 22:00:58',	98,	17),
(43,	'2016-04-11 08:51:26',	46,	20),
(44,	'2018-10-30 20:55:57',	66,	23),
(45,	'2015-12-26 14:07:55',	53,	16),
(46,	'2016-10-05 07:10:48',	52,	13),
(47,	'2016-06-29 17:39:04',	38,	25),
(48,	'2016-01-15 13:41:32',	97,	16),
(49,	'2018-07-18 00:52:24',	57,	5),
(50,	'2016-02-29 14:40:45',	51,	24);

DROP TABLE IF EXISTS `imóveis`;
CREATE TABLE `imóveis` (
  `iid` int(11) NOT NULL AUTO_INCREMENT,
  `título` text,
  `tipologia` varchar(6) NOT NULL,
  `lotação` tinyint(10) NOT NULL,
  `preço_diário` decimal(8,2) NOT NULL,
  `descrição` text NOT NULL,
  `foto` varchar(255) DEFAULT NULL,
  `localização` varchar(255) NOT NULL,
  `adicionado_a` datetime NOT NULL,
  PRIMARY KEY (`iid`)
) ENGINE=InnoDB DEFAULT CHARSET=utf8mb4 COLLATE=utf8mb4_0900_ai_ci;

INSERT INTO `imóveis` (`iid`, `título`, `tipologia`, `lotação`, `preço_diário`, `descrição`, `foto`, `localização`, `adicionado_a`) VALUES
(1,	'Sed accumsan felis. Ut at dolor quis odio consequat varius. Integer ac leo. Pellentesque ultrices mattis odio. Donec vitae nisi.',	'T1',	1,	292.87,	'Lorem ipsum dolor sit amet, consectetuer adipiscing elit. Proin risus. Praesent lectus. Vestibulum quam sapien, varius ut, blandit non, interdum in, ante. Vestibulum ante ipsum primis in faucibus orci luctus et ultrices posuere cubilia Curae; Duis faucibus accumsan odio. Curabitur convallis. Duis consequat dui nec nisi volutpat eleifend. Donec ut dolor. Morbi vel lectus in quam fringilla rhoncus. Mauris enim leo, rhoncus sed, vestibulum sit amet, cursus id, turpis. Integer aliquet, massa id lobortis convallis, tortor risus dapibus augue, vel accumsan tellus nisi eu orci. Mauris lacinia sapien quis libero. Nullam sit amet turpis elementum ligula vehicula consequat. Morbi a ipsum. Integer a nibh. In quis justo. Maecenas rhoncus aliquam lacus. Morbi quis tortor id nulla ultrices aliquet. Maecenas leo odio, condimentum id, luctus nec, molestie sed, justo. Pellentesque viverra pede ac diam. Cras pellentesque volutpat dui. Maecenas tristique, est et tempus semper, est quam pharetra magna, ac consequat metus sapien ut nunc. Vestibulum ante ipsum primis in faucibus orci luctus et ultrices posuere cubilia Curae; Mauris viverra diam vitae quam. Suspendisse potenti. Nullam porttitor lacus at turpis. Donec posuere metus vitae ipsum. Aliquam non mauris. Morbi non lectus. Aliquam sit amet diam in magna bibendum imperdiet. Nullam orci pede, venenatis non, sodales sed, tincidunt eu, felis. Fusce posuere felis sed lacus. Morbi sem mauris, laoreet ut, rhoncus aliquet, pulvinar sed, nisl. Nunc rhoncus dui vel sem. Sed sagittis. Nam congue, risus semper porta volutpat, quam pede lobortis ligula, sit amet eleifend pede libero quis orci. Nullam molestie nibh in lectus. Pellentesque at nulla. Suspendisse potenti. Cras in purus eu magna vulputate luctus. Cum sociis natoque penatibus et magnis dis parturient montes, nascetur ridiculus mus. Vivamus vestibulum sagittis sapien. Cum sociis natoque penatibus et magnis dis parturient montes, nascetur ridiculus mus. Etiam vel augue. Vestibulum rutrum rutrum neque. Aenean auctor gravida sem. Praesent id massa id nisl venenatis lacinia. Aenean sit amet justo. Morbi ut odio. Cras mi pede, malesuada in, imperdiet et, commodo vulputate, justo. In blandit ultrices enim. Lorem ipsum dolor sit amet, consectetuer adipiscing elit. Proin interdum mauris non ligula pellentesque ultrices. Phasellus id sapien in sapien iaculis congue. Vivamus metus arcu, adipiscing molestie, hendrerit at, vulputate vitae, nisl. Aenean lectus. Pellentesque eget nunc. Donec quis orci eget orci vehicula condimentum. Curabitur in libero ut massa volutpat convallis. Morbi odio odio, elementum eu, interdum eu, tincidunt in, leo. Maecenas pulvinar lobortis est. Phasellus sit amet erat. Nulla tempus. Vivamus in felis eu sapien cursus vestibulum. Proin eu mi. Nulla ac enim. In tempor, turpis nec euismod scelerisque, quam turpis adipiscing lorem, vitae mattis nibh ligula nec sem. Duis aliquam convallis nunc. Proin at turpis a pede posuere nonummy. Integer non velit. Donec diam neque, vestibulum eget, vulputate ut, ultrices vel, augue. Vestibulum ante ipsum primis in faucibus orci luctus et ultrices posuere cubilia Curae; Donec pharetra, magna vestibulum aliquet ultrices, erat tortor sollicitudin mi, sit amet lobortis sapien sapien non mi. Integer ac neque. Duis bibendum. Morbi non quam nec dui luctus rutrum.',	'http://dummyimage.com/250x250.png/dddddd/000000',	'5 Maple Wood Place',	'2016-04-01 01:29:44'),
(2,	'Maecenas tincidunt lacus at velit. Vivamus vel nulla eget eros elementum pellentesque.',	'T5',	10,	526.23,	'Pellentesque viverra pede ac diam. Cras pellentesque volutpat dui. Maecenas tristique, est et tempus semper, est quam pharetra magna, ac consequat metus sapien ut nunc. Vestibulum ante ipsum primis in faucibus orci luctus et ultrices posuere cubilia Curae; Mauris viverra diam vitae quam. Suspendisse potenti. Nullam porttitor lacus at turpis. Donec posuere metus vitae ipsum. Aliquam non mauris. Morbi non lectus. Aliquam sit amet diam in magna bibendum imperdiet. Nullam orci pede, venenatis non, sodales sed, tincidunt eu, felis. Fusce posuere felis sed lacus. Morbi sem mauris, laoreet ut, rhoncus aliquet, pulvinar sed, nisl. Nunc rhoncus dui vel sem. Sed sagittis. Nam congue, risus semper porta volutpat, quam pede lobortis ligula, sit amet eleifend pede libero quis orci. Nullam molestie nibh in lectus. Pellentesque at nulla. Suspendisse potenti. Cras in purus eu magna vulputate luctus. Cum sociis natoque penatibus et magnis dis parturient montes, nascetur ridiculus mus. Vivamus vestibulum sagittis sapien. Cum sociis natoque penatibus et magnis dis parturient montes, nascetur ridiculus mus. Etiam vel augue. Vestibulum rutrum rutrum neque. Aenean auctor gravida sem. Praesent id massa id nisl venenatis lacinia. Aenean sit amet justo. Morbi ut odio. Cras mi pede, malesuada in, imperdiet et, commodo vulputate, justo. In blandit ultrices enim. Lorem ipsum dolor sit amet, consectetuer adipiscing elit. Proin interdum mauris non ligula pellentesque ultrices. Phasellus id sapien in sapien iaculis congue. Vivamus metus arcu, adipiscing molestie, hendrerit at, vulputate vitae, nisl. Aenean lectus. Pellentesque eget nunc. Donec quis orci eget orci vehicula condimentum. Curabitur in libero ut massa volutpat convallis. Morbi odio odio, elementum eu, interdum eu, tincidunt in, leo. Maecenas pulvinar lobortis est. Phasellus sit amet erat. Nulla tempus. Vivamus in felis eu sapien cursus vestibulum. Proin eu mi. Nulla ac enim. In tempor, turpis nec euismod scelerisque, quam turpis adipiscing lorem, vitae mattis nibh ligula nec sem. Duis aliquam convallis nunc. Proin at turpis a pede posuere nonummy. Integer non velit. Donec diam neque, vestibulum eget, vulputate ut, ultrices vel, augue. Vestibulum ante ipsum primis in faucibus orci luctus et ultrices posuere cubilia Curae; Donec pharetra, magna vestibulum aliquet ultrices, erat tortor sollicitudin mi, sit amet lobortis sapien sapien non mi. Integer ac neque. Duis bibendum. Morbi non quam nec dui luctus rutrum. Nulla tellus. In sagittis dui vel nisl. Duis ac nibh. Fusce lacus purus, aliquet at, feugiat non, pretium quis, lectus. Suspendisse potenti. In eleifend quam a odio. In hac habitasse platea dictumst. Maecenas ut massa quis augue luctus tincidunt. Nulla mollis molestie lorem. Quisque ut erat. Curabitur gravida nisi at nibh. In hac habitasse platea dictumst. Aliquam augue quam, sollicitudin vitae, consectetuer eget, rutrum at, lorem.',	'http://dummyimage.com/250x250.png/cc0000/ffffff',	'0 Stoughton Trail',	'2016-09-29 07:05:19'),
(3,	'Duis aliquam convallis nunc. Proin at turpis a pede posuere nonummy. Integer non velit.',	'T0',	8,	50.76,	'Fusce posuere felis sed lacus. Morbi sem mauris, laoreet ut, rhoncus aliquet, pulvinar sed, nisl. Nunc rhoncus dui vel sem. Sed sagittis. Nam congue, risus semper porta volutpat, quam pede lobortis ligula, sit amet eleifend pede libero quis orci. Nullam molestie nibh in lectus. Pellentesque at nulla. Suspendisse potenti. Cras in purus eu magna vulputate luctus. Cum sociis natoque penatibus et magnis dis parturient montes, nascetur ridiculus mus. Vivamus vestibulum sagittis sapien. Cum sociis natoque penatibus et magnis dis parturient montes, nascetur ridiculus mus. Etiam vel augue. Vestibulum rutrum rutrum neque. Aenean auctor gravida sem. Praesent id massa id nisl venenatis lacinia. Aenean sit amet justo. Morbi ut odio. Cras mi pede, malesuada in, imperdiet et, commodo vulputate, justo. In blandit ultrices enim. Lorem ipsum dolor sit amet, consectetuer adipiscing elit. Proin interdum mauris non ligula pellentesque ultrices. Phasellus id sapien in sapien iaculis congue. Vivamus metus arcu, adipiscing molestie, hendrerit at, vulputate vitae, nisl. Aenean lectus. Pellentesque eget nunc. Donec quis orci eget orci vehicula condimentum. Curabitur in libero ut massa volutpat convallis. Morbi odio odio, elementum eu, interdum eu, tincidunt in, leo. Maecenas pulvinar lobortis est. Phasellus sit amet erat. Nulla tempus. Vivamus in felis eu sapien cursus vestibulum. Proin eu mi. Nulla ac enim. In tempor, turpis nec euismod scelerisque, quam turpis adipiscing lorem, vitae mattis nibh ligula nec sem. Duis aliquam convallis nunc. Proin at turpis a pede posuere nonummy. Integer non velit. Donec diam neque, vestibulum eget, vulputate ut, ultrices vel, augue. Vestibulum ante ipsum primis in faucibus orci luctus et ultrices posuere cubilia Curae; Donec pharetra, magna vestibulum aliquet ultrices, erat tortor sollicitudin mi, sit amet lobortis sapien sapien non mi. Integer ac neque. Duis bibendum. Morbi non quam nec dui luctus rutrum. Nulla tellus. In sagittis dui vel nisl. Duis ac nibh. Fusce lacus purus, aliquet at, feugiat non, pretium quis, lectus. Suspendisse potenti. In eleifend quam a odio. In hac habitasse platea dictumst. Maecenas ut massa quis augue luctus tincidunt. Nulla mollis molestie lorem. Quisque ut erat. Curabitur gravida nisi at nibh. In hac habitasse platea dictumst. Aliquam augue quam, sollicitudin vitae, consectetuer eget, rutrum at, lorem. Integer tincidunt ante vel ipsum. Praesent blandit lacinia erat. Vestibulum sed magna at nunc commodo placerat. Praesent blandit. Nam nulla. Integer pede justo, lacinia eget, tincidunt eget, tempus vel, pede. Morbi porttitor lorem id ligula. Suspendisse ornare consequat lectus. In est risus, auctor sed, tristique in, tempus sit amet, sem. Fusce consequat. Nulla nisl. Nunc nisl. Duis bibendum, felis sed interdum venenatis, turpis enim blandit mi, in porttitor pede justo eu massa. Donec dapibus. Duis at velit eu est congue elementum. In hac habitasse platea dictumst. Morbi vestibulum, velit id pretium iaculis, diam erat fermentum justo, nec condimentum neque sapien placerat ante. Nulla justo. Aliquam quis turpis eget elit sodales scelerisque. Mauris sit amet eros. Suspendisse accumsan tortor quis turpis. Sed ante. Vivamus tortor. Duis mattis egestas metus. Aenean fermentum. Donec ut mauris eget massa tempor convallis. Nulla neque libero, convallis eget, eleifend luctus, ultricies eu, nibh. Quisque id justo sit amet sapien dignissim vestibulum.',	'http://dummyimage.com/250x250.png/cc0000/ffffff',	'7811 Swallow Place',	'2018-08-02 03:22:53'),
(4,	'Maecenas pulvinar lobortis est. Phasellus sit amet erat. Nulla tempus. Vivamus in felis eu sapien cursus vestibulum.',	'T5',	8,	483.79,	'Vestibulum rutrum rutrum neque. Aenean auctor gravida sem. Praesent id massa id nisl venenatis lacinia. Aenean sit amet justo. Morbi ut odio. Cras mi pede, malesuada in, imperdiet et, commodo vulputate, justo. In blandit ultrices enim. Lorem ipsum dolor sit amet, consectetuer adipiscing elit. Proin interdum mauris non ligula pellentesque ultrices. Phasellus id sapien in sapien iaculis congue. Vivamus metus arcu, adipiscing molestie, hendrerit at, vulputate vitae, nisl. Aenean lectus. Pellentesque eget nunc. Donec quis orci eget orci vehicula condimentum. Curabitur in libero ut massa volutpat convallis. Morbi odio odio, elementum eu, interdum eu, tincidunt in, leo. Maecenas pulvinar lobortis est. Phasellus sit amet erat. Nulla tempus. Vivamus in felis eu sapien cursus vestibulum. Proin eu mi. Nulla ac enim. In tempor, turpis nec euismod scelerisque, quam turpis adipiscing lorem, vitae mattis nibh ligula nec sem. Duis aliquam convallis nunc. Proin at turpis a pede posuere nonummy. Integer non velit. Donec diam neque, vestibulum eget, vulputate ut, ultrices vel, augue. Vestibulum ante ipsum primis in faucibus orci luctus et ultrices posuere cubilia Curae; Donec pharetra, magna vestibulum aliquet ultrices, erat tortor sollicitudin mi, sit amet lobortis sapien sapien non mi. Integer ac neque. Duis bibendum. Morbi non quam nec dui luctus rutrum. Nulla tellus. In sagittis dui vel nisl. Duis ac nibh. Fusce lacus purus, aliquet at, feugiat non, pretium quis, lectus. Suspendisse potenti. In eleifend quam a odio. In hac habitasse platea dictumst. Maecenas ut massa quis augue luctus tincidunt. Nulla mollis molestie lorem. Quisque ut erat.',	'http://dummyimage.com/250x250.png/5fa2dd/ffffff',	'1564 Saint Paul Avenue',	'2017-09-22 15:13:53'),
(5,	'In eleifend quam a odio. In hac habitasse platea dictumst.',	'T0',	7,	618.07,	'Ut tellus. Nulla ut erat id mauris vulputate elementum. Nullam varius. Nulla facilisi. Cras non velit nec nisi vulputate nonummy. Maecenas tincidunt lacus at velit. Vivamus vel nulla eget eros elementum pellentesque. Quisque porta volutpat erat. Quisque erat eros, viverra eget, congue eget, semper rutrum, nulla. Nunc purus. Phasellus in felis. Donec semper sapien a libero.',	'http://dummyimage.com/250x250.png/dddddd/000000',	'74 Bashford Circle',	'2018-11-03 20:45:50'),
(6,	'Proin risus. Praesent lectus. Vestibulum quam sapien, varius ut, blandit non, interdum in, ante. Vestibulum ante ipsum primis in faucibus orci luctus et ultrices posuere cubilia Curae; Duis faucibus accumsan odio.',	'T5',	8,	170.59,	'Nulla ac enim. In tempor, turpis nec euismod scelerisque, quam turpis adipiscing lorem, vitae mattis nibh ligula nec sem. Duis aliquam convallis nunc. Proin at turpis a pede posuere nonummy. Integer non velit. Donec diam neque, vestibulum eget, vulputate ut, ultrices vel, augue. Vestibulum ante ipsum primis in faucibus orci luctus et ultrices posuere cubilia Curae; Donec pharetra, magna vestibulum aliquet ultrices, erat tortor sollicitudin mi, sit amet lobortis sapien sapien non mi. Integer ac neque. Duis bibendum. Morbi non quam nec dui luctus rutrum. Nulla tellus. In sagittis dui vel nisl. Duis ac nibh. Fusce lacus purus, aliquet at, feugiat non, pretium quis, lectus. Suspendisse potenti. In eleifend quam a odio. In hac habitasse platea dictumst. Maecenas ut massa quis augue luctus tincidunt. Nulla mollis molestie lorem. Quisque ut erat. Curabitur gravida nisi at nibh. In hac habitasse platea dictumst. Aliquam augue quam, sollicitudin vitae, consectetuer eget, rutrum at, lorem. Integer tincidunt ante vel ipsum. Praesent blandit lacinia erat. Vestibulum sed magna at nunc commodo placerat. Praesent blandit. Nam nulla. Integer pede justo, lacinia eget, tincidunt eget, tempus vel, pede. Morbi porttitor lorem id ligula.',	'http://dummyimage.com/250x250.png/cc0000/ffffff',	'630 Oxford Way',	'2018-09-11 06:20:23'),
(7,	'Etiam pretium iaculis justo. In hac habitasse platea dictumst. Etiam faucibus cursus urna.',	'T0',	7,	171.65,	'Donec diam neque, vestibulum eget, vulputate ut, ultrices vel, augue. Vestibulum ante ipsum primis in faucibus orci luctus et ultrices posuere cubilia Curae; Donec pharetra, magna vestibulum aliquet ultrices, erat tortor sollicitudin mi, sit amet lobortis sapien sapien non mi. Integer ac neque. Duis bibendum. Morbi non quam nec dui luctus rutrum. Nulla tellus. In sagittis dui vel nisl. Duis ac nibh. Fusce lacus purus, aliquet at, feugiat non, pretium quis, lectus. Suspendisse potenti. In eleifend quam a odio. In hac habitasse platea dictumst. Maecenas ut massa quis augue luctus tincidunt. Nulla mollis molestie lorem. Quisque ut erat. Curabitur gravida nisi at nibh. In hac habitasse platea dictumst. Aliquam augue quam, sollicitudin vitae, consectetuer eget, rutrum at, lorem. Integer tincidunt ante vel ipsum. Praesent blandit lacinia erat. Vestibulum sed magna at nunc commodo placerat. Praesent blandit. Nam nulla. Integer pede justo, lacinia eget, tincidunt eget, tempus vel, pede. Morbi porttitor lorem id ligula. Suspendisse ornare consequat lectus. In est risus, auctor sed, tristique in, tempus sit amet, sem. Fusce consequat. Nulla nisl. Nunc nisl. Duis bibendum, felis sed interdum venenatis, turpis enim blandit mi, in porttitor pede justo eu massa. Donec dapibus. Duis at velit eu est congue elementum. In hac habitasse platea dictumst. Morbi vestibulum, velit id pretium iaculis, diam erat fermentum justo, nec condimentum neque sapien placerat ante. Nulla justo. Aliquam quis turpis eget elit sodales scelerisque. Mauris sit amet eros. Suspendisse accumsan tortor quis turpis. Sed ante. Vivamus tortor. Duis mattis egestas metus. Aenean fermentum. Donec ut mauris eget massa tempor convallis. Nulla neque libero, convallis eget, eleifend luctus, ultricies eu, nibh. Quisque id justo sit amet sapien dignissim vestibulum. Vestibulum ante ipsum primis in faucibus orci luctus et ultrices posuere cubilia Curae; Nulla dapibus dolor vel est. Donec odio justo, sollicitudin ut, suscipit a, feugiat et, eros. Vestibulum ac est lacinia nisi venenatis tristique. Fusce congue, diam id ornare imperdiet, sapien urna pretium nisl, ut volutpat sapien arcu sed augue. Aliquam erat volutpat. In congue. Etiam justo. Etiam pretium iaculis justo. In hac habitasse platea dictumst. Etiam faucibus cursus urna. Ut tellus. Nulla ut erat id mauris vulputate elementum. Nullam varius. Nulla facilisi. Cras non velit nec nisi vulputate nonummy. Maecenas tincidunt lacus at velit. Vivamus vel nulla eget eros elementum pellentesque. Quisque porta volutpat erat.',	'http://dummyimage.com/250x250.png/5fa2dd/ffffff',	'224 Melrose Crossing',	'2017-09-18 15:18:49'),
(8,	'Nunc rhoncus dui vel sem. Sed sagittis. Nam congue, risus semper porta volutpat, quam pede lobortis ligula, sit amet eleifend pede libero quis orci. Nullam molestie nibh in lectus. Pellentesque at nulla.',	'T7',	8,	347.00,	'Nunc rhoncus dui vel sem. Sed sagittis. Nam congue, risus semper porta volutpat, quam pede lobortis ligula, sit amet eleifend pede libero quis orci. Nullam molestie nibh in lectus. Pellentesque at nulla. Suspendisse potenti. Cras in purus eu magna vulputate luctus. Cum sociis natoque penatibus et magnis dis parturient montes, nascetur ridiculus mus. Vivamus vestibulum sagittis sapien. Cum sociis natoque penatibus et magnis dis parturient montes, nascetur ridiculus mus. Etiam vel augue. Vestibulum rutrum rutrum neque. Aenean auctor gravida sem. Praesent id massa id nisl venenatis lacinia. Aenean sit amet justo. Morbi ut odio. Cras mi pede, malesuada in, imperdiet et, commodo vulputate, justo. In blandit ultrices enim. Lorem ipsum dolor sit amet, consectetuer adipiscing elit. Proin interdum mauris non ligula pellentesque ultrices. Phasellus id sapien in sapien iaculis congue. Vivamus metus arcu, adipiscing molestie, hendrerit at, vulputate vitae, nisl. Aenean lectus. Pellentesque eget nunc. Donec quis orci eget orci vehicula condimentum. Curabitur in libero ut massa volutpat convallis. Morbi odio odio, elementum eu, interdum eu, tincidunt in, leo. Maecenas pulvinar lobortis est. Phasellus sit amet erat. Nulla tempus. Vivamus in felis eu sapien cursus vestibulum. Proin eu mi. Nulla ac enim. In tempor, turpis nec euismod scelerisque, quam turpis adipiscing lorem, vitae mattis nibh ligula nec sem. Duis aliquam convallis nunc. Proin at turpis a pede posuere nonummy. Integer non velit. Donec diam neque, vestibulum eget, vulputate ut, ultrices vel, augue. Vestibulum ante ipsum primis in faucibus orci luctus et ultrices posuere cubilia Curae; Donec pharetra, magna vestibulum aliquet ultrices, erat tortor sollicitudin mi, sit amet lobortis sapien sapien non mi. Integer ac neque. Duis bibendum. Morbi non quam nec dui luctus rutrum. Nulla tellus. In sagittis dui vel nisl. Duis ac nibh. Fusce lacus purus, aliquet at, feugiat non, pretium quis, lectus. Suspendisse potenti. In eleifend quam a odio. In hac habitasse platea dictumst. Maecenas ut massa quis augue luctus tincidunt. Nulla mollis molestie lorem. Quisque ut erat. Curabitur gravida nisi at nibh. In hac habitasse platea dictumst. Aliquam augue quam, sollicitudin vitae, consectetuer eget, rutrum at, lorem. Integer tincidunt ante vel ipsum. Praesent blandit lacinia erat. Vestibulum sed magna at nunc commodo placerat. Praesent blandit. Nam nulla. Integer pede justo, lacinia eget, tincidunt eget, tempus vel, pede. Morbi porttitor lorem id ligula. Suspendisse ornare consequat lectus. In est risus, auctor sed, tristique in, tempus sit amet, sem. Fusce consequat. Nulla nisl. Nunc nisl. Duis bibendum, felis sed interdum venenatis, turpis enim blandit mi, in porttitor pede justo eu massa. Donec dapibus. Duis at velit eu est congue elementum. In hac habitasse platea dictumst. Morbi vestibulum, velit id pretium iaculis, diam erat fermentum justo, nec condimentum neque sapien placerat ante. Nulla justo. Aliquam quis turpis eget elit sodales scelerisque. Mauris sit amet eros. Suspendisse accumsan tortor quis turpis. Sed ante. Vivamus tortor. Duis mattis egestas metus. Aenean fermentum. Donec ut mauris eget massa tempor convallis. Nulla neque libero, convallis eget, eleifend luctus, ultricies eu, nibh. Quisque id justo sit amet sapien dignissim vestibulum. Vestibulum ante ipsum primis in faucibus orci luctus et ultrices posuere cubilia Curae; Nulla dapibus dolor vel est. Donec odio justo, sollicitudin ut, suscipit a, feugiat et, eros. Vestibulum ac est lacinia nisi venenatis tristique. Fusce congue, diam id ornare imperdiet, sapien urna pretium nisl, ut volutpat sapien arcu sed augue. Aliquam erat volutpat. In congue. Etiam justo. Etiam pretium iaculis justo. In hac habitasse platea dictumst. Etiam faucibus cursus urna. Ut tellus. Nulla ut erat id mauris vulputate elementum. Nullam varius. Nulla facilisi. Cras non velit nec nisi vulputate nonummy. Maecenas tincidunt lacus at velit. Vivamus vel nulla eget eros elementum pellentesque.',	'http://dummyimage.com/250x250.png/5fa2dd/ffffff',	'0442 Mockingbird Road',	'2016-11-09 02:40:17'),
(9,	'Curabitur in libero ut massa volutpat convallis. Morbi odio odio, elementum eu, interdum eu, tincidunt in, leo. Maecenas pulvinar lobortis est. Phasellus sit amet erat. Nulla tempus.',	'T3',	9,	197.45,	'Nullam porttitor lacus at turpis. Donec posuere metus vitae ipsum. Aliquam non mauris. Morbi non lectus. Aliquam sit amet diam in magna bibendum imperdiet. Nullam orci pede, venenatis non, sodales sed, tincidunt eu, felis. Fusce posuere felis sed lacus. Morbi sem mauris, laoreet ut, rhoncus aliquet, pulvinar sed, nisl. Nunc rhoncus dui vel sem. Sed sagittis. Nam congue, risus semper porta volutpat, quam pede lobortis ligula, sit amet eleifend pede libero quis orci. Nullam molestie nibh in lectus. Pellentesque at nulla. Suspendisse potenti. Cras in purus eu magna vulputate luctus. Cum sociis natoque penatibus et magnis dis parturient montes, nascetur ridiculus mus. Vivamus vestibulum sagittis sapien. Cum sociis natoque penatibus et magnis dis parturient montes, nascetur ridiculus mus. Etiam vel augue. Vestibulum rutrum rutrum neque. Aenean auctor gravida sem. Praesent id massa id nisl venenatis lacinia. Aenean sit amet justo. Morbi ut odio. Cras mi pede, malesuada in, imperdiet et, commodo vulputate, justo. In blandit ultrices enim. Lorem ipsum dolor sit amet, consectetuer adipiscing elit. Proin interdum mauris non ligula pellentesque ultrices. Phasellus id sapien in sapien iaculis congue. Vivamus metus arcu, adipiscing molestie, hendrerit at, vulputate vitae, nisl. Aenean lectus. Pellentesque eget nunc. Donec quis orci eget orci vehicula condimentum. Curabitur in libero ut massa volutpat convallis. Morbi odio odio, elementum eu, interdum eu, tincidunt in, leo. Maecenas pulvinar lobortis est. Phasellus sit amet erat. Nulla tempus. Vivamus in felis eu sapien cursus vestibulum. Proin eu mi. Nulla ac enim. In tempor, turpis nec euismod scelerisque, quam turpis adipiscing lorem, vitae mattis nibh ligula nec sem. Duis aliquam convallis nunc. Proin at turpis a pede posuere nonummy. Integer non velit. Donec diam neque, vestibulum eget, vulputate ut, ultrices vel, augue. Vestibulum ante ipsum primis in faucibus orci luctus et ultrices posuere cubilia Curae; Donec pharetra, magna vestibulum aliquet ultrices, erat tortor sollicitudin mi, sit amet lobortis sapien sapien non mi. Integer ac neque. Duis bibendum. Morbi non quam nec dui luctus rutrum. Nulla tellus. In sagittis dui vel nisl. Duis ac nibh. Fusce lacus purus, aliquet at, feugiat non, pretium quis, lectus. Suspendisse potenti. In eleifend quam a odio. In hac habitasse platea dictumst. Maecenas ut massa quis augue luctus tincidunt. Nulla mollis molestie lorem. Quisque ut erat. Curabitur gravida nisi at nibh. In hac habitasse platea dictumst. Aliquam augue quam, sollicitudin vitae, consectetuer eget, rutrum at, lorem. Integer tincidunt ante vel ipsum.',	'http://dummyimage.com/250x250.png/dddddd/000000',	'76 Jana Junction',	'2016-08-15 18:17:03'),
(10,	'Fusce consequat. Nulla nisl. Nunc nisl.',	'T7',	4,	585.80,	'Aenean lectus. Pellentesque eget nunc. Donec quis orci eget orci vehicula condimentum. Curabitur in libero ut massa volutpat convallis. Morbi odio odio, elementum eu, interdum eu, tincidunt in, leo. Maecenas pulvinar lobortis est. Phasellus sit amet erat. Nulla tempus. Vivamus in felis eu sapien cursus vestibulum. Proin eu mi. Nulla ac enim. In tempor, turpis nec euismod scelerisque, quam turpis adipiscing lorem, vitae mattis nibh ligula nec sem. Duis aliquam convallis nunc. Proin at turpis a pede posuere nonummy. Integer non velit. Donec diam neque, vestibulum eget, vulputate ut, ultrices vel, augue. Vestibulum ante ipsum primis in faucibus orci luctus et ultrices posuere cubilia Curae; Donec pharetra, magna vestibulum aliquet ultrices, erat tortor sollicitudin mi, sit amet lobortis sapien sapien non mi. Integer ac neque. Duis bibendum. Morbi non quam nec dui luctus rutrum. Nulla tellus. In sagittis dui vel nisl. Duis ac nibh. Fusce lacus purus, aliquet at, feugiat non, pretium quis, lectus. Suspendisse potenti. In eleifend quam a odio. In hac habitasse platea dictumst. Maecenas ut massa quis augue luctus tincidunt. Nulla mollis molestie lorem. Quisque ut erat. Curabitur gravida nisi at nibh. In hac habitasse platea dictumst. Aliquam augue quam, sollicitudin vitae, consectetuer eget, rutrum at, lorem. Integer tincidunt ante vel ipsum. Praesent blandit lacinia erat. Vestibulum sed magna at nunc commodo placerat. Praesent blandit. Nam nulla. Integer pede justo, lacinia eget, tincidunt eget, tempus vel, pede. Morbi porttitor lorem id ligula. Suspendisse ornare consequat lectus. In est risus, auctor sed, tristique in, tempus sit amet, sem. Fusce consequat. Nulla nisl. Nunc nisl. Duis bibendum, felis sed interdum venenatis, turpis enim blandit mi, in porttitor pede justo eu massa. Donec dapibus. Duis at velit eu est congue elementum. In hac habitasse platea dictumst. Morbi vestibulum, velit id pretium iaculis, diam erat fermentum justo, nec condimentum neque sapien placerat ante. Nulla justo. Aliquam quis turpis eget elit sodales scelerisque. Mauris sit amet eros. Suspendisse accumsan tortor quis turpis. Sed ante. Vivamus tortor. Duis mattis egestas metus. Aenean fermentum. Donec ut mauris eget massa tempor convallis. Nulla neque libero, convallis eget, eleifend luctus, ultricies eu, nibh. Quisque id justo sit amet sapien dignissim vestibulum. Vestibulum ante ipsum primis in faucibus orci luctus et ultrices posuere cubilia Curae; Nulla dapibus dolor vel est. Donec odio justo, sollicitudin ut, suscipit a, feugiat et, eros. Vestibulum ac est lacinia nisi venenatis tristique. Fusce congue, diam id ornare imperdiet, sapien urna pretium nisl, ut volutpat sapien arcu sed augue. Aliquam erat volutpat. In congue. Etiam justo. Etiam pretium iaculis justo. In hac habitasse platea dictumst. Etiam faucibus cursus urna. Ut tellus. Nulla ut erat id mauris vulputate elementum. Nullam varius. Nulla facilisi. Cras non velit nec nisi vulputate nonummy. Maecenas tincidunt lacus at velit. Vivamus vel nulla eget eros elementum pellentesque. Quisque porta volutpat erat. Quisque erat eros, viverra eget, congue eget, semper rutrum, nulla. Nunc purus. Phasellus in felis. Donec semper sapien a libero. Nam dui. Proin leo odio, porttitor id, consequat in, consequat ut, nulla. Sed accumsan felis.',	'http://dummyimage.com/250x250.png/ff4444/ffffff',	'42 Schiller Alley',	'2016-08-01 19:00:09');

DROP TABLE IF EXISTS `reservas`;
CREATE TABLE `reservas` (
  `rid` int(11) NOT NULL AUTO_INCREMENT,
  `data_entrada` datetime NOT NULL,
  `data_saída` datetime NOT NULL,
  `valor_total` decimal(10,2) DEFAULT NULL,
  `código` varchar(255) DEFAULT NULL,
  `iid` int(11) DEFAULT NULL,
  `titular` int(11) DEFAULT NULL,
  PRIMARY KEY (`rid`),
  KEY `iid` (`iid`),
  KEY `titular` (`titular`),
  CONSTRAINT `reservas_ibfk_1` FOREIGN KEY (`iid`) REFERENCES `imóveis` (`iid`) ON DELETE CASCADE,
  CONSTRAINT `reservas_ibfk_2` FOREIGN KEY (`titular`) REFERENCES `hóspedes` (`hid`) ON DELETE CASCADE
) ENGINE=InnoDB DEFAULT CHARSET=utf8mb4 COLLATE=utf8mb4_0900_ai_ci;

INSERT INTO `reservas` (`rid`, `data_entrada`, `data_saída`, `valor_total`, `código`, `iid`, `titular`) VALUES
(1,	'2018-02-26 00:11:39',	'2017-01-02 03:41:07',	873.80,	'RES.99I1DTf058',	6,	29),
(2,	'2018-04-07 00:39:44',	'2016-05-29 01:26:17',	304.09,	'RES.23ObUJi514',	3,	30),
(3,	'2017-03-14 20:56:35',	'2017-06-25 10:27:13',	61.77,	'RES.11BzZGd529',	6,	14),
(4,	'2016-07-04 02:42:00',	'2018-11-20 23:45:34',	395.83,	'RES.62T4DEr217',	2,	3),
(5,	'2018-07-25 13:48:30',	'2016-05-01 15:33:21',	878.85,	'RES.88JaFOs516',	2,	32),
(6,	'2017-09-30 05:07:52',	'2017-01-26 17:02:31',	428.26,	'RES.14UmMYq992',	2,	17),
(7,	'2018-01-11 01:13:08',	'2018-11-11 21:52:26',	889.44,	'RES.71MbFUy000',	10,	27),
(8,	'2016-07-22 02:17:46',	'2016-03-19 12:54:33',	185.53,	'RES.28WrWQ6770',	4,	31),
(9,	'2016-02-15 19:29:14',	'2016-04-24 03:29:50',	594.39,	'RES.50UwXVv895',	5,	22),
(10,	'2018-11-08 06:26:26',	'2015-12-29 20:47:06',	874.93,	'RES.31NvUIp009',	8,	29),
(11,	'2017-04-30 19:05:22',	'2018-07-27 04:33:34',	386.28,	'RES.67C6LWi199',	4,	8),
(12,	'2018-05-04 12:15:54',	'2018-03-17 01:18:40',	903.85,	'RES.27TeUT3810',	1,	17),
(13,	'2016-09-02 06:33:01',	'2016-05-01 02:12:09',	84.17,	'RES.90HxAR8771',	2,	35),
(14,	'2017-09-07 00:07:25',	'2015-12-22 20:55:41',	900.11,	'RES.83X8VJt698',	10,	23),
(15,	'2018-12-05 07:15:31',	'2017-11-10 00:38:08',	139.70,	'RES.39VvWRx092',	5,	14),
(16,	'2016-10-22 13:09:57',	'2019-03-03 13:36:20',	176.56,	'RES.87KhLUu365',	1,	15),
(17,	'2016-05-19 03:32:12',	'2017-05-12 18:54:13',	539.14,	'RES.45RtMYn161',	2,	14),
(18,	'2018-10-28 18:01:20',	'2018-02-03 11:34:55',	930.56,	'RES.64V3NJn164',	7,	24),
(19,	'2017-01-18 07:05:35',	'2018-01-21 14:27:59',	467.07,	'RES.85RcGX0007',	3,	34),
(20,	'2016-08-11 06:34:08',	'2016-03-06 18:49:26',	556.24,	'RES.22W6DH3271',	9,	30),
(21,	'2016-08-20 06:57:53',	'2016-03-06 20:16:13',	486.51,	'RES.15Z9NHl632',	1,	20),
(22,	'2018-04-27 18:34:28',	'2018-05-16 15:39:48',	824.77,	'RES.68P7BKl115',	7,	1),
(23,	'2018-09-14 15:47:30',	'2018-03-21 03:46:53',	698.25,	'RES.44BnMV9641',	4,	27),
(24,	'2016-06-12 17:12:57',	'2017-08-17 12:40:54',	450.42,	'RES.18ZeMIo942',	7,	39),
(25,	'2016-03-23 01:42:59',	'2016-11-13 10:51:42',	254.13,	'RES.15ReKEt846',	6,	3),
(26,	'2016-01-29 23:22:48',	'2016-06-28 08:15:57',	152.57,	'RES.70FiDU0669',	2,	1),
(27,	'2016-12-07 15:43:06',	'2018-12-31 13:50:54',	54.84,	'RES.64KqIZb063',	1,	1),
(28,	'2017-09-02 00:35:59',	'2018-01-11 16:08:21',	204.70,	'RES.38GvZUz252',	9,	15),
(29,	'2017-07-15 03:34:18',	'2016-09-01 16:31:08',	974.38,	'RES.70GkMB9909',	5,	6),
(30,	'2017-08-19 21:50:02',	'2018-03-17 14:46:41',	571.09,	'RES.95W9LQs019',	8,	18);

-- 2018-12-17 01:57:50
